team,Adobe Firefly,ChatGPT,Claude AI,Cursor,Google Gemini,Microsoft Copilot,Runway ML
BET Digital,3.9846153846153847,3.3230769230769233,2.6307692307692307,1.8307692307692307,2.6307692307692307,2.0307692307692307,3.4461538461538463
CBS Marketing,1.8125,3.4875,1.825,1.2875,1.8875,1.225,1.2625
Editorial Post Production Operations,2.4,3.4,2.4285714285714284,1.7714285714285714,2.5142857142857142,2.0,3.4571428571428573
Nickelodeon Digital,3.7333333333333334,3.566666666666667,2.55,2.0166666666666666,2.65,1.85,3.316666666666667
Paramount Plus Brand Creative,3.75,3.475,2.35,1.675,3.35,1.95,3.5
The Multiplatform Group,2.62,3.76,2.56,2.06,2.68,1.84,1.92
